Model,Accuracy,AUC,Precision,Recall,F1,MCC
Logistic Regression,0.9139354212187424,0.9370138331996792,0.70018281535649,0.41271551724137934,0.5193220338983051,0.4955921934895615
Decision Tree,0.9161204175770818,0.9213254457757442,0.6357388316151202,0.5980603448275862,0.6163242642976124,0.5696215133007397
K-Nearest Neighbors (kNN),0.9036173828599174,0.8626042944242653,0.6094771241830066,0.4019396551724138,0.4844155844155844,0.44516688952671957
Naive Bayes,0.85360524399126,0.8606345670786357,0.4023876404494382,0.6174568965517241,0.4872448979591837,0.41893814652819206
Random Forest,0.9203690216071863,0.9514502452945894,0.7556390977443609,0.4331896551724138,0.5506849315068493,0.5343611937696622
XGBoost,0.9219470745326536,0.9547130023821879,0.6829268292682927,0.5732758620689655,0.6233157586408905,0.5829136855117846
