Model,Accuracy,AUC,Precision,Recall,F1,MCC
Logistic Regression,0.9139354212187424,0.9370138331996792,0.70018281535649,0.41271551724137934,0.5193220338983051,0.4955921934895615
Decision Tree,0.9161204175770818,0.9213254457757442,0.6357388316151202,0.5980603448275862,0.6163242642976124,0.5696215133007397
kNN,0.9053168244719592,0.8616761846077645,0.6267123287671232,0.39439655172413796,0.48412698412698413,0.449125984558675
Naive Bayes,0.85360524399126,0.8606345670786357,0.4023876404494382,0.6174568965517241,0.4872448979591837,0.41893814652819206
Random Forest,0.922068463219228,0.9527123920939666,0.7042857142857143,0.53125,0.6056511056511057,0.5702501397291511
XGBoost,0.9219470745326536,0.9547130023821879,0.6829268292682927,0.5732758620689655,0.6233157586408905,0.5829136855117846
